010101;CHACHAPOYAS
010102;ASUNCION
010103;BALSAS
010104;CHETO
010105;CHILIQUIN
010106;CHUQUIBAMBA
010107;GRANADA
010108;HUANCAS
010109;LA JALCA
010110;LEIMEBAMBA
010111;LEVANTO
010112;MAGDALENA
010113;MARISCAL CASTILLA
010114;MOLINOPAMPA
010115;MONTEVIDEO
010116;OLLEROS
010117;QUINJALCA
010118;SAN FCO DE DAGUAS
010119;SAN ISIDRO DE MAINO
010120;SOLOCO
010121;SONCHE
010201;LA PECA
010202;ARAMANGO
010203;COPALLIN
010204;EL PARCO
010205;BAGUA
010206;IMAZA
010301;JUMBILLA
010302;COROSHA
010303;CUISPES
010304;CHISQUILLA
010305;CHURUJA
010306;FLORIDA
010307;RECTA
010308;SAN CARLOS
010309;SHIPASBAMBA
010310;VALERA
010311;YAMBRASBAMBA
010312;JAZAN
010401;LAMUD
010402;CAMPORREDONDO
010403;COCABAMBA
010404;COLCAMAR
010405;CONILA
010406;INGUILPATA
010407;LONGUITA
010408;LONYA CHICO
010409;LUYA
010410;LUYA VIEJO
010411;MARIA
010412;OCALLI
010413;OCUMAL
010414;PISUQUIA
010415;SAN CRISTOBAL
010416;SAN FRANCISCO DE YESO
010417;SAN JERONIMO
010418;SAN JUAN DE LOPECANCHA
010419;SANTA CATALINA
010420;SANTO TOMAS
010421;TINGO
010422;TRITA
010423;PROVIDENCIA
010501;SAN NICOLAS
010502;COCHAMAL
010503;CHIRIMOTO
010504;HUAMBO
010505;LIMABAMBA
010506;LONGAR
010507;MILPUC
010508;MCAL BENAVIDES
010509;OMIA
010510;SANTA ROSA
010511;TOTORA
010512;VISTA ALEGRE
010601;NIEVA
010602;RIO SANTIAGO
010603;EL CENEPA
010701;BAGUA GRANDE
010702;CAJARURO
010703;CUMBA
010704;EL MILAGRO
010705;JAMALCA
010706;LONYA GRANDE
010707;YAMON
020101;HUARAZ
020102;INDEPENDENCIA
020103;COCHABAMBA
020104;COLCABAMBA
020105;HUANCHAY
020106;JANGAS
020107;LA LIBERTAD
020108;OLLEROS
020109;PAMPAS
020110;PARIACOTO
020111;PIRA
020112;TARICA
020201;AIJA
020203;CORIS
020205;HUACLLAN
020206;LA MERCED
020208;SUCCHA
020301;CHIQUIAN
020302;A PARDO LEZAMETA
020304;AQUIA
020305;CAJACAY
020310;HUAYLLACAYAN
020311;HUASTA
020313;MANGAS
020315;PACLLON
020317;SAN MIGUEL DE CORPANQUI
020320;TICLLOS
020321;ANTONIO RAIMONDI
020322;CANIS
020323;COLQUIOC
020324;LA PRIMAVERA
020325;HUALLANCA
020401;CARHUAZ
020402;ACOPAMPA
020403;AMASHCA
020404;ANTA
020405;ATAQUERO
020406;MARCARA
020407;PARIAHUANCA
020408;SAN MIGUEL DE ACO
020409;SHILLA
020410;TINCO
020411;YUNGAR
020501;CASMA
020502;BUENA VISTA ALTA
020503;COMANDANTE NOEL
020505;YAUTAN
020601;CORONGO
020602;ACO
020603;BAMBAS
020604;CUSCA
020605;LA PAMPA
020606;YANAC
020607;YUPAN
020701;CARAZ
020702;HUALLANCA
020703;HUATA
020704;HUAYLAS
020705;MATO
020706;PAMPAROMAS
020707;PUEBLO LIBRE
020708;SANTA CRUZ
020709;YURACMARCA
020710;SANTO TORIBIO
020801;HUARI
020802;CAJAY
020803;CHAVIN DE HUANTAR
020804;HUACACHI
020805;HUACHIS
020806;HUACCHIS
020807;HUANTAR
020808;MASIN
020809;PAUCAS
020810;PONTO
020811;RAHUAPAMPA
020812;RAPAYAN
020813;SAN MARCOS
020814;SAN PEDRO DE CHANA
020815;UCO
020816;ANRA
020901;PISCOBAMBA
020902;CASCA
020903;LUCMA
020904;FIDEL OLIVAS ESCUDERO
020905;LLAMA
020906;LLUMPA
020907;MUSGA
020908;ELEAZAR GUZMAN BARRON
021001;CABANA
021002;BOLOGNESI
021003;CONCHUCOS
021004;HUACASCHUQUE
021005;HUANDOVAL
021006;LACABAMBA
021007;LLAPO
021008;PALLASCA
021009;PAMPAS
021010;SANTA ROSA
021011;TAUCA
021101;POMABAMBA
021102;HUAYLLAN
021103;PAROBAMBA
021104;QUINUABAMBA
021201;RECUAY
021202;COTAPARACO
021203;HUAYLLAPAMPA
021204;MARCA
021205;PAMPAS CHICO
021206;PARARIN
021207;TAPACOCHA
021208;TICAPAMPA
021209;LLACLLIN
021210;CATAC
021301;CHIMBOTE
021302;CACERES DEL PERU
021303;MACATE
021304;MORO
021305;NEPENA
021306;SAMANCO
021307;SANTA
021308;COISHCO
021309;NUEVO CHIMBOTE
021401;SIHUAS
021402;ALFONSO UGARTE
021403;CHINGALPO
021404;HUAYLLABAMBA
021405;QUICHES
021406;SICSIBAMBA
021407;ACOBAMBA
021408;CASHAPAMPA
021409;RAGASH
021410;SAN JUAN
021501;YUNGAY
021502;CASCAPARA
021503;MANCOS
021504;MATACOTO
021505;QUILLO
021506;RANRAHIRCA
021507;SHUPLUY
021508;YANAMA
021601;LLAMELLIN
021602;ACZO
021603;CHACCHO
021604;CHINGAS
021605;MIRGAS
021606;SAN JUAN DE RONTOY
021701;SAN LUIS
021702;YAUYA
021703;SAN NICOLAS
021801;CHACAS
021802;ACOCHACA
021901;HUARMEY
021902;COCHAPETI
021903;HUAYAN
021904;MALVAS
021905;CULEBRAS
022001;ACAS
022002;CAJAMARQUILLA
022003;CARHUAPAMPA
022004;COCHAS
022005;CONGAS
022006;LLIPA
022007;OCROS
022008;SAN CRISTOBAL DE RAJAN
022009;SAN PEDRO
022010;SANTIAGO DE CHILCAS
030101;ABANCAY
030102;CIRCA
030103;CURAHUASI
030104;CHACOCHE
030105;HUANIPACA
030106;LAMBRAMA
030107;PICHIRHUA
030108;SAN PEDRO DE CACHORA
030109;TAMBURCO
030201;CHALHUANCA
030202;CAPAYA
030203;CARAYBAMBA
030204;COLCABAMBA
030205;COTARUSE
030206;CHAPIMARCA
030207;IHUAYLLO
030208;LUCRE
030209;POCOHUANCA
030210;SANAICA
030211;SORAYA
030212;TAPAIRIHUA
030213;TINTAY
030214;TORAYA
030215;YANACA
030216;SAN JUAN DE CHACNA
030217;JUSTO APU SAHUARAURA
030301;ANDAHUAYLAS
030302;ANDARAPA
030303;CHIARA
030304;HUANCARAMA
030305;HUANCARAY
030306;KISHUARA
030307;PACOBAMBA
030308;PAMPACHIRI
030309;SAN ANTONIO DE CACHI
030310;SAN JERONIMO
030311;TALAVERA
030312;TURPO
030313;PACUCHA
030314;POMACOCHA
030315;STA MARIA DE CHICMO
030316;TUMAY HUARACA
030317;HUAYANA
030318;SAN MIGUEL DE CHACCRAMPA
030319;KAQUIABAMBA
030401;ANTABAMBA
030402;EL ORO
030403;HUAQUIRCA
030404;JUAN ESPINOZA MEDRANO
030405;OROPESA
030406;PACHACONAS
030407;SABAINO
030501;TAMBOBAMBA
030502;COYLLURQUI
030503;COTABAMBAS
030504;HAQUIRA
030505;MARA
030506;CHALLHUAHUACHO
030601;CHUQUIBAMBILLA
030602;CURPAHUASI
030603;HUAILLATI
030604;MAMARA
030605;MARISCAL GAMARRA
030606;MICAELA BASTIDAS
030607;PROGRESO
030608;PATAYPAMPA
030609;SAN ANTONIO
030610;TURPAY
030611;VILCABAMBA
030612;VIRUNDO
030613;SANTA ROSA
030614;CURASCO
030701;CHINCHEROS
030702;ONGOY
030703;OCOBAMBA
030704;COCHARCAS
030705;ANCO HUALLO
030706;HUACCANA
030707;URANMARCA
030708;RANRACANCHA
040101;AREQUIPA
040102;CAYMA
040103;CERRO COLORADO
040104;CHARACATO
040105;CHIGUATA
040106;LA JOYA
040107;MIRAFLORES
040108;MOLLEBAYA
040109;PAUCARPATA
040110;POCSI
040111;POLOBAYA
040112;QUEQUENA
040113;SABANDIA
040114;SACHACA
040115;SAN JUAN DE SIGUAS
040116;SAN JUAN DE TARUCANI
040117;SANTA ISABEL DE SIGUAS
040118;STA RITA DE SIGUAS
040119;SOCABAYA
040120;TIABAYA
040121;UCHUMAYO
040122;VITOR
040123;YANAHUARA
040124;YARABAMBA
040125;YURA
040126;MARIANO MELGAR
040127;JACOBO HUNTER
040128;ALTO SELVA ALEGRE
040129;JOSE LUIS BUSTAMANTE Y RIVERO
040201;CHIVAY
040202;ACHOMA
040203;CABANACONDE
040204;CAYLLOMA
040205;CALLALLI
040206;COPORAQUE
040207;HUAMBO
040208;HUANCA
040209;ICHUPAMPA
040210;LARI
040211;LLUTA
040212;MACA
040213;MADRIGAL
040214;SAN ANTONIO DE CHUCA
040215;SIBAYO
040216;TAPAY
040217;TISCO
040218;TUTI
040219;YANQUE
040220;MAJES
040301;CAMANA
040302;JOSE MARIA QUIMPER
040303;MARIANO N VALCARCEL
040304;MARISCAL CACERES
040305;NICOLAS DE PIEROLA
040306;OCONA
040307;QUILCA
040308;SAMUEL PASTOR
040401;CARAVELI
040402;ACARI
040403;ATICO
040404;ATIQUIPA
040405;BELLA UNION
040406;CAHUACHO
040407;CHALA
040408;CHAPARRA
040409;HUANUHUANU
040410;JAQUI
040411;LOMAS
040412;QUICACHA
040413;YAUCA
040501;APLAO
040502;ANDAGUA
040503;AYO
040504;CHACHAS
040505;CHILCAYMARCA
040506;CHOCO
040507;HUANCARQUI
040508;MACHAGUAY
040509;ORCOPAMPA
040510;PAMPACOLCA
040511;TIPAN
040512;URACA
040513;UNON
040514;VIRACO
040601;CHUQUIBAMBA
040602;ANDARAY
040603;CAYARANI
040604;CHICHAS
040605;IRAY
040606;SALAMANCA
040607;YANAQUIHUA
040608;RIO GRANDE
040701;MOLLENDO
040702;COCACHACRA
040703;DEAN VALDIVIA
040704;ISLAY
040705;MEJIA
040706;PUNTA DE BOMBON
040801;COTAHUASI
040802;ALCA
040803;CHARCANA
040804;HUAYNACOTAS
040805;PAMPAMARCA
040806;PUYCA
040807;QUECHUALLA
040808;SAYLA
040809;TAURIA
040810;TOMEPAMPA
040811;TORO
050101;AYACUCHO
050102;ACOS VINCHOS
050103;CARMEN ALTO
050104;CHIARA
050105;QUINUA
050106;SAN JOSE DE TICLLAS
050107;SAN JUAN BAUTISTA
050108;SANTIAGO DE PISCHA
050109;VINCHOS
050110;TAMBILLO
050111;ACOCRO
050112;SOCOS
050113;OCROS
050114;PACAYCASA
050115;JESUS NAZARENO
050201;CANGALLO
050204;CHUSCHI
050206;LOS MOROCHUCOS
050207;PARAS
050208;TOTOS
050211;MARIA PARADO DE BELLIDO
050301;HUANTA
050302;AYAHUANCO
050303;HUAMANGUILLA
050304;IGUAIN
050305;LURICOCHA
050307;SANTILLANA
050308;SIVIA
050309;LLOCHEGUA
050401;SAN MIGUEL
050402;ANCO
050403;AYNA
050404;CHILCAS
050405;CHUNGUI
050406;TAMBO
050407;LUIS CARRANZA
050408;SANTA ROSA
050501;PUQUIO
050502;AUCARA
050503;CABANA
050504;CARMEN SALCEDO
050506;CHAVINA
050508;CHIPAO
050510;HUAC-HUAS
050511;LARAMATE
050512;LEONCIO PRADO
050513;LUCANAS
050514;LLAUTA
050516;OCANA
050517;OTOCA
050520;SANCOS
050521;SAN JUAN
050522;SAN PEDRO
050524;STA ANA DE HUAYCAHUACHO
050525;SANTA LUCIA
050529;SAISA
050531;SAN PEDRO DE PALCO
050532;SAN CRISTOBAL
050601;CORACORA
050604;CORONEL CASTANEDA
050605;CHUMPI
050608;PACAPAUSA
050611;PULLO
050612;PUYUSCA
050615;SAN FCO DE RAVACAYCO
050616;UPAHUACHO
050701;HUANCAPI
050702;ALCAMENCA
050703;APONGO
050704;CANARIA
050706;CAYARA
050707;COLCA
050708;HUAYA
050709;HUAMANQUIQUIA
050710;HUANCARAYLLA
050713;SARHUA
050714;VILCANCHOS
050715;ASQUIPATA
050801;SANCOS
050802;SACSAMARCA
050803;SANTIAGO DE LUCANAMARCA
050804;CARAPO
050901;VILCAS HUAMAN
050902;VISCHONGO
050903;ACCOMARCA
050904;CARHUANCA
050905;CONCEPCION
050906;HUAMBALPA
050907;SAURAMA
050908;INDEPENDENCIA
051001;PAUSA
051002;COLTA
051003;CORCULLA
051004;LAMPA
051005;MARCABAMBA
051006;OYOLO
051007;PARARCA
051008;SAN JAVIER DE ALPABAMBA
051009;SAN JOSE DE USHUA
051010;SARA SARA
051101;QUEROBAMBA
051102;BELEN
051103;CHALCOS
051104;SAN SALVADOR DE QUIJE
051105;PAICO
051106;SANTIAGO DE PAUCARAY
051107;SAN PEDRO DE LARCAY
051108;SORAS
051109;HUACANA
051110;CHILCAYOC
051111;MORCOLLA
060101;CAJAMARCA
060102;ASUNCION
060103;COSPAN
060104;CHETILLA
060105;ENCANADA
060106;JESUS
060107;LOS BANOS DEL INCA
060108;LLACANORA
060109;MAGDALENA
060110;MATARA
060111;NAMORA
060112;SAN JUAN
060201;CAJABAMBA
060202;CACHACHI
060203;CONDEBAMBA
060205;SITACOCHA
060301;CELENDIN
060302;CORTEGANA
060303;CHUMUCH
060304;HUASMIN
060305;JORGE CHAVEZ
060306;JOSE GALVEZ
060307;MIGUEL IGLESIAS
060308;OXAMARCA
060309;SOROCHUCO
060310;SUCRE
060311;UTCO
060312;LA LIBERTAD DE PALLAN
060401;CONTUMAZA
060403;CHILETE
060404;GUZMANGO
060405;SAN BENITO
060406;CUPISNIQUE
060407;TANTARICA
060408;YONAN
060409;STA CRUZ DE TOLEDO
060501;CUTERVO
060502;CALLAYUC
060503;CUJILLO
060504;CHOROS
060505;LA RAMADA
060506;PIMPINGOS
060507;QUEROCOTILLO
060508;SAN ANDRES DE CUTERVO
060509;SAN JUAN DE CUTERVO
060510;SAN LUIS DE LUCMA
060511;SANTA CRUZ
060512;SANTO DOMINGO DE LA CAPILLA
060513;SANTO TOMAS
060514;SOCOTA
060515;TORIBIO CASANOVA
060601;CHOTA
060602;ANGUIA
060603;COCHABAMBA
060604;CONCHAN
060605;CHADIN
060606;CHIGUIRIP
060607;CHIMBAN
060608;HUAMBOS
060609;LAJAS
060610;LLAMA
060611;MIRACOSTA
060612;PACCHA
060613;PION
060614;QUEROCOTO
060615;TACABAMBA
060616;TOCMOCHE
060617;SAN JUAN DE LICUPIS
060618;CHOROPAMPA
060619;CHALAMARCA
060701;BAMBAMARCA
060702;CHUGUR
060703;HUALGAYOC
060801;JAEN
060802;BELLAVISTA
060803;COLASAY
060804;CHONTALI
060805;POMAHUACA
060806;PUCARA
060807;SALLIQUE
060808;SAN FELIPE
060809;SAN JOSE DEL ALTO
060810;SANTA ROSA
060811;LAS PIRIAS
060812;HUABAL
060901;SANTA CRUZ
060902;CATACHE
060903;CHANCAIBANOS
060904;LA ESPERANZA
060905;NINABAMBA
060906;PULAN
060907;SEXI
060908;UTICYACU
060909;YAUYUCAN
060910;ANDABAMBA
060911;SAUCEPAMPA
061001;SAN MIGUEL
061002;CALQUIS
061003;LA FLORIDA
061004;LLAPA
061005;NANCHOC
061006;NIEPOS
061007;SAN GREGORIO
061008;SAN SILVESTRE DE COCHAN
061009;EL PRADO
061010;UNION AGUA BLANCA
061011;TONGOD
061012;CATILLUC
061013;BOLIVAR
061101;SAN IGNACIO
061102;CHIRINOS
061103;HUARANGO
061104;NAMBALLE
061105;LA COIPA
061106;SAN JOSE DE LOURDES
061107;TABACONAS
061201;PEDRO GALVEZ
061202;ICHOCAN
061203;GREGORIO PITA
061204;JOSE MANUEL QUIROZ
061205;EDUARDO VILLANUEVA
061206;JOSE SABOGAL
061207;CHANCAY
061301;SAN PABLO
061302;SAN BERNARDINO
061303;SAN LUIS
061304;TUMBADEN
070101;CUSCO
070102;CCORCA
070103;POROY
070104;SAN JERONIMO
070105;SAN SEBASTIAN
070106;SANTIAGO
070107;SAYLLA
070108;WANCHAQ
070201;ACOMAYO
070202;ACOPIA
070203;ACOS
070204;POMACANCHI
070205;RONDOCAN
070206;SANGARARA
070207;MOSOC LLACTA
070301;ANTA
070302;CHINCHAYPUJIO
070303;HUAROCONDO
070304;LIMATAMBO
070305;MOLLEPATA
070306;PUCYURA
070307;ZURITE
070308;CACHIMAYO
070309;ANCAHUASI
070401;CALCA
070402;COYA
070403;LAMAY
070404;LARES
070405;PISAC
070406;SAN SALVADOR
070407;TARAY
070408;YANATILE
070501;YANAOCA
070502;CHECCA
070503;KUNTURKANKI
070504;LANGUI
070505;LAYO
070506;PAMPAMARCA
070507;QUEHUE
070508;TUPAC AMARU
070601;SICUANI
070602;COMBAPATA
070603;CHECACUPE
070604;MARANGANI
070605;PITUMARCA
070606;SAN PABLO
070607;SAN PEDRO
070608;TINTA
070701;SANTO TOMAS
070702;CAPACMARCA
070703;COLQUEMARCA
070704;CHAMACA
070705;LIVITACA
070706;LLUSCO
070707;QUINOTA
070708;VELILLE
070801;ESPINAR
070802;CONDOROMA
070803;COPORAQUE
070804;OCORURO
070805;PALLPATA
070806;PICHIGUA
070807;SUYKUTAMBO
070808;ALTO PICHIGUA
070901;SANTA ANA
070902;ECHARATE
070903;HUAYOPATA
070904;MARANURA
070905;OCOBAMBA
070906;SANTA TERESA
070907;VILCABAMBA
070908;QUELLOUNO
070909;KIMBIRI
070910;PICHARI
071001;PARURO
071002;ACCHA
071003;CCAPI
071004;COLCHA
071005;HUANOQUITE
071006;OMACHA
071007;YAURISQUE
071008;PACCARITAMBO
071009;PILLPINTO
071101;PAUCARTAMBO
071102;CAICAY
071103;COLQUEPATA
071104;CHALLABAMBA
071105;COSNIPATA
071106;HUANCARANI
071201;URCOS
071202;ANDAHUAYLILLAS
071203;CAMANTI
071204;CCARHUAYO
071205;CCATCA
071206;CUSIPATA
071207;HUARO
071208;LUCRE
071209;MARCAPATA
071210;OCONGATE
071211;OROPESA
071212;QUIQUIJANA
071301;URUBAMBA
071302;CHINCHERO
071303;HUAYLLABAMBA
071304;MACHUPICCHU
071305;MARAS
071306;OLLANTAYTAMBO
071307;YUCAY
080101;HUANCAVELICA
080102;ACOBAMBILLA
080103;ACORIA
080104;CONAYCA
080105;CUENCA
080106;HUACHOCOLPA
080108;HUAYLLAHUARA
080109;IZCUCHACA
080110;LARIA
080111;MANTA
080112;MARISCAL CACERES
080113;MOYA
080114;NUEVO OCCORO
080115;PALCA
080116;PILCHACA
080117;VILCA
080118;YAULI
080119;ASCENCION
080120;HUANDO
080201;ACOBAMBA
080202;ANTA
080203;ANDABAMBA
080204;CAJA
080205;MARCAS
080206;PAUCARA
080207;POMACOCHA
080208;ROSARIO
080301;LIRCAY
080302;ANCHONGA
080303;CALLANMARCA
080304;CONGALLA
080305;CHINCHO
080306;HUAYLLAY GRANDE
080307;HUANCA HUANCA
080308;JULCAMARCA
080309;SAN ANTONIO DE ANTAPARCO
080310;STO TOMAS DE PATA
080311;SECCLLA
080312;CCOCHACCASA
080401;CASTROVIRREYNA
080402;ARMA
080403;AURAHUA
080405;CAPILLAS
080406;COCAS
080408;CHUPAMARCA
080409;HUACHOS
080410;HUAMATAMBO
080414;MOLLEPAMPA
080422;SAN JUAN
080427;TANTARA
080428;TICRAPO
080429;SANTA ANA
080501;PAMPAS
080502;ACOSTAMBO
080503;ACRAQUIA
080504;AHUAYCHA
080506;COLCABAMBA
080509;DANIEL HERNANDEZ
080511;HUACHOCOLPA
080512;HUARIBAMBA
080515;NAHUIMPUQUIO
080517;PAZOS
080518;QUISHUAR
080519;SALCABAMBA
080520;SAN MARCOS DE ROCCHAC
080523;SURCUBAMBA
080525;TINTAY PUNCU
080526;SALCAHUASI
080601;AYAVI
080602;CORDOVA
080603;HUAYACUNDO ARMA
080604;HUAYTARA
080605;LARAMARCA
080606;OCOYO
080607;PILPICHACA
080608;QUERCO
080609;QUITO ARMA
080610;SAN ANTONIO DE CUSICANCHA
080611;SAN FRANCISCO DE SANGAYAICO
080612;SAN ISIDRO
080613;SANTIAGO DE CHOCORVOS
080614;SANTIAGO DE QUIRAHUARA
080615;SANTO DOMINGO DE CAPILLA
080616;TAMBO
080701;CHURCAMPA
080702;ANCO
080703;CHINCHIHUASI
080704;EL CARMEN
080705;LA MERCED
080706;LOCROJA
080707;PAUCARBAMBA
080708;SAN MIGUEL DE MAYOC
080709;SAN PEDRO DE CORIS
080710;PACHAMARCA
090101;HUANUCO
090102;CHINCHAO
090103;CHURUBAMBA
090104;MARGOS
090105;QUISQUI
090106;SAN FCO DE CAYRAN
090107;SAN PEDRO DE CHAULAN
090108;STA MARIA DEL VALLE
090109;YARUMAYO
090110;AMARILIS
090111;PILLCO MARCA
090201;AMBO
090202;CAYNA
090203;COLPAS
090204;CONCHAMARCA
090205;HUACAR
090206;SAN FRANCISCO
090207;SAN RAFAEL
090208;TOMAY KICHWA
090301;LA UNION
090307;CHUQUIS
090312;MARIAS
090314;PACHAS
090316;QUIVILLA
090317;RIPAN
090321;SHUNQUI
090322;SILLAPATA
090323;YANAS
090401;LLATA
090402;ARANCAY
090403;CHAVIN DE PARIARCA
090404;JACAS GRANDE
090405;JIRCAN
090406;MIRAFLORES
090407;MONZON
090408;PUNCHAO
090409;PUNOS
090410;SINGA
090411;TANTAMAYO
090501;HUACRACHUCO
090502;CHOLON
090505;SAN BUENAVENTURA
090601;RUPA RUPA
090602;DANIEL ALOMIA ROBLES
090603;HERMILIO VALDIZAN
090604;LUYANDO
090605;MARIANO DAMASO BERAUN
090606;JOSE CRESPO Y CASTILLO
090701;PANAO
090702;CHAGLLA
090704;MOLINO
090706;UMARI
090801;HONORIA
090802;PUERTO INCA
090803;CODO DEL POZUZO
090804;TOURNAVISTA
090805;YUYAPICHIS
090901;HUACAYBAMBA
090902;PINRA
090903;CANCHABAMBA
090904;COCHABAMBA
091001;JESUS
091002;BANOS
091003;SAN FRANCISCO DE ASIS
091004;QUEROPALCA
091005;SAN MIGUEL DE CAURI
091006;RONDOS
091007;JIVIA
091101;CHAVINILLO
091102;APARICIO POMARES (CHUPAN)
091103;CAHUAC
091104;CHACABAMBA
091105;JACAS CHICO
091106;OBAS
091107;PAMPAMARCA
091108;CHORAS                   
100101;ICA
100102;LA TINGUINA
100103;LOS AQUIJES
100104;PARCONA
100105;PUEBLO NUEVO
100106;SALAS
100107;SAN JOSE DE LOS MOLINOS
100108;SAN JUAN BAUTISTA
100109;SANTIAGO
100110;SUBTANJALLA
100111;YAUCA DEL ROSARIO
100112;TATE
100113;PACHACUTEC
100114;OCUCAJE
100201;CHINCHA ALTA
100202;CHAVIN
100203;CHINCHA BAJA
100204;EL CARMEN
100205;GROCIO PRADO
100206;SAN PEDRO DE HUACARPANA
100207;SUNAMPE
100208;TAMBO DE MORA
100209;ALTO LARAN
100210;PUEBLO NUEVO
100211;SAN JUAN DE YANAC
100301;NAZCA
100302;CHANGUILLO
100303;EL INGENIO
100304;MARCONA
100305;VISTA ALEGRE
100401;PISCO
100402;HUANCANO
100403;HUMAY
100404;INDEPENDENCIA
100405;PARACAS
100406;SAN ANDRES
100407;SAN CLEMENTE
100408;TUPAC AMARU INCA
100501;PALPA
100502;LLIPATA
100503;RIO GRANDE
100504;SANTA CRUZ
100505;TIBILLO
110101;HUANCAYO
110103;CARHUACALLANGA
110104;COLCA
110105;CULLHUAS
110106;CHACAPAMPA
110107;CHICCHE
110108;CHILCA
110109;CHONGOS ALTO
110112;CHUPURO
110113;EL TAMBO
110114;HUACRAPUQUIO
110116;HUALHUAS
110118;HUANCAN
110119;HUASICANCHA
110120;HUAYUCACHI
110121;INGENIO
110122;PARIAHUANCA
110123;PILCOMAYO
110124;PUCARA
110125;QUICHUAY
110126;QUILCAS
110127;SAN AGUSTIN
110128;SAN JERONIMO DE TUNAN
110131;STO DOMINGO DE ACOBAMBA
110132;SANO
110133;SAPALLANGA
110134;SICAYA
110136;VIQUES
110201;CONCEPCION
110202;ACO
110203;ANDAMARCA
110204;COMAS
110205;COCHAS
110206;CHAMBARA
110207;HEROINAS TOLEDO
110208;MANZANARES
110209;MCAL CASTILLA
110210;MATAHUASI
110211;MITO
110212;NUEVE DE JULIO
110213;ORCOTUNA
110214;STA ROSA DE OCOPA
110215;SAN JOSE DE QUERO
110301;JAUJA
110302;ACOLLA
110303;APATA
110304;ATAURA
110305;CANCHAILLO
110306;EL MANTARO
110307;HUAMALI
110308;HUARIPAMPA
110309;HUERTAS
110310;JANJAILLO
110311;JULCAN
110312;LEONOR ORDONEZ
110313;LLOCLLAPAMPA
110314;MARCO
110315;MASMA
110316;MOLINOS
110317;MONOBAMBA
110318;MUQUI
110319;MUQUIYAUYO
110320;PACA
110321;PACCHA
110322;PANCAN
110323;PARCO
110324;POMACANCHA
110325;RICRAN
110326;SAN LORENZO
110327;SAN PEDRO DE CHUNAN
110328;SINCOS
110329;TUNAN MARCA
110330;YAULI
110331;CURICACA
110332;MASMA CHICCHE
110333;SAUSA
110334;YAUYOS
110401;JUNIN
110402;CARHUAMAYO
110403;ONDORES
110404;ULCUMAYO
110501;TARMA
110502;ACOBAMBA
110503;HUARICOLCA
110504;HUASAHUASI
110505;LA UNION
110506;PALCA
110507;PALCAMAYO
110508;SAN PEDRO DE CAJAS
110509;TAPO
110601;LA OROYA
110602;CHACAPALPA
110603;HUAY HUAY
110604;MARCAPOMACOCHA
110605;MOROCOCHA
110606;PACCHA
110607;STA BARBARA DE CARHUACAYAN
110608;SUITUCANCHA
110609;YAULI
110610;STA ROSA DE SACCO
110701;SATIPO
110702;COVIRIALI
110703;LLAYLLA
110704;MAZAMARI
110705;PAMPA HERMOSA
110706;PANGOA
110707;RIO NEGRO
110708;RIO TAMBO
110801;CHANCHAMAYO
110802;SAN RAMON
110803;VITOC
110804;SAN LUIS DE SHUARO
110805;PICHANAQUI
110806;PERENE
110901;CHUPACA
110902;AHUAC
110903;CHONGOS BAJO
110904;HUACHAC
110905;HUAMANCACA CHICO
110906;SAN JUAN DE ISCOS
110907;SAN JUAN DE JARPA
110908;TRES DE DICIEMBRE
110909;YANACANCHA
120101;TRUJILLO
120102;HUANCHACO
120103;LAREDO
120104;MOCHE
120105;SALAVERRY
120106;SIMBAL
120107;VICTOR LARCO HERRERA
120109;POROTO
120110;EL PORVENIR
120111;LA ESPERANZA
120112;FLORENCIA DE MORA
120201;BOLIVAR
120202;BAMBAMARCA
120203;CONDORMARCA
120204;LONGOTEA
120205;UCUNCHA
120206;UCHUMARCA
120301;HUAMACHUCO
120302;COCHORCO
120303;CURGOS
120304;CHUGAY
120305;MARCABAL
120306;SANAGORAN
120307;SARIN
120308;SARTIMBAMBA
120401;OTUZCO
120402;AGALLPAMPA
120403;CHARAT
120404;HUARANCHAL
120405;LA CUESTA
120408;PARANDAY
120409;SALPO
120410;SINSICAP
120411;USQUIL
120413;MACHE
120501;SAN PEDRO DE LLOC
120503;GUADALUPE
120504;JEQUETEPEQUE
120506;PACASMAYO
120508;SAN JOSE
120601;TAYABAMBA
120602;BULDIBUYO
120603;CHILLIA
120604;HUAYLILLAS
120605;HUANCASPATA
120606;HUAYO
120607;ONGON
120608;PARCOY
120609;PATAZ
120610;PIAS
120611;TAURIJA
120612;URPAY
120613;SANTIAGO DE CHALLAS
120701;SANTIAGO DE CHUCO
120702;CACHICADAN
120703;MOLLEBAMBA
120704;MOLLEPATA
120705;QUIRUVILCA
120706;SANTA CRUZ DE CHUCA
120707;SITABAMBA
120708;ANGASMARCA
120801;ASCOPE
120802;CHICAMA
120803;CHOCOPE
120804;SANTIAGO DE CAO
120805;MAGDALENA DE CAO
120806;PAIJAN
120807;RAZURI
120808;CASA GRANDE
120901;CHEPEN
120902;PACANGA
120903;PUEBLO NUEVO
121001;JULCAN
121002;CARABAMBA
121003;CALAMARCA
121004;HUASO
121101;CASCAS
121102;LUCMA
121103;MARMOT
121104;SAYAPULLO
121201;VIRU
121202;CHAO
121203;GUADALUPITO
130101;CHICLAYO
130102;CHONGOYAPE
130103;ETEN
130104;ETEN PUERTO
130105;LAGUNAS
130106;MONSEFU
130107;NUEVA ARICA
130108;OYOTUN
130109;PICSI
130110;PIMENTEL
130111;REQUE
130112;JOSE LEONARDO ORTIZ
130113;SANTA ROSA
130114;SANA
130115;LA VICTORIA
130116;CAYALTI
130117;PATAPO
130118;POMALCA
130119;PUCALA
130120;TUMAN
130201;FERRENAFE
130202;INCAHUASI
130203;CANARIS
130204;PITIPO
130205;PUEBLO NUEVO
130206;MANUEL ANTONIO MESONES MURO
130301;LAMBAYEQUE
130302;CHOCHOPE
130303;ILLIMO
130304;JAYANCA
130305;MOCHUMI
130306;MORROPE
130307;MOTUPE
130308;OLMOS
130309;PACORA
130310;SALAS
130311;SAN JOSE
130312;TUCUME
140101;LIMA
140102;ANCON
140103;ATE
140104;BRENA
140105;CARABAYLLO
140106;COMAS
140107;CHACLACAYO
140108;CHORRILLOS
140109;LA VICTORIA
140110;LA MOLINA
140111;LINCE
140112;LURIGANCHO
140113;LURIN
140114;MAGDALENA DEL MAR
140115;MIRAFLORES
140116;PACHACAMAC
140117;PUEBLO LIBRE
140118;PUCUSANA
140119;PUENTE PIEDRA
140120;PUNTA HERMOSA
140121;PUNTA NEGRA
140122;RIMAC
140123;SAN BARTOLO
140124;SAN ISIDRO
140125;BARRANCO
140126;SAN MARTIN DE PORRES
140127;SAN MIGUEL
140128;STA MARIA DEL MAR
140129;SANTA ROSA
140130;SANTIAGO DE SURCO
140131;SURQUILLO
140132;VILLA MARIA DEL TRIUNFO
140133;JESUS MARIA
140134;INDEPENDENCIA
140135;EL AGUSTINO
140136;SAN JUAN DE MIRAFLORES
140137;SAN JUAN DE LURIGANCHO
140138;SAN LUIS
140139;CIENEGUILLA
140140;SAN BORJA
140141;VILLA EL SALVADOR
140142;LOS OLIVOS
140143;SANTA ANITA
140201;CAJATAMBO
140205;COPA
140206;GORGOR
140207;HUANCAPON
140208;MANAS
140301;CANTA
140302;ARAHUAY
140303;HUAMANTANGA
140304;HUAROS
140305;LACHAQUI
140306;SAN BUENAVENTURA
140307;SANTA ROSA DE QUIVES
140401;SAN VICENTE DE CANETE
140402;CALANGO
140403;CERRO AZUL
140404;COAYLLO
140405;CHILCA
140406;IMPERIAL
140407;LUNAHUANA
140408;MALA
140409;NUEVO IMPERIAL
140410;PACARAN
140411;QUILMANA
140412;SAN ANTONIO
140413;SAN LUIS
140414;SANTA CRUZ DE FLORES
140415;ZUNIGA
140416;ASIA
140501;HUACHO
140502;AMBAR
140504;CALETA DE CARQUIN
140505;CHECRAS
140506;HUALMAY
140507;HUAURA
140508;LEONCIO PRADO
140509;PACCHO
140511;SANTA LEONOR
140512;SANTA MARIA
140513;SAYAN
140516;VEGUETA
140601;MATUCANA
140602;ANTIOQUIA
140603;CALLAHUANCA
140604;CARAMPOMA
140605;CASTA
140606;CUENCA
140607;CHICLA
140608;HUANZA
140609;HUAROCHIRI
140610;LAHUAYTAMBO
140611;LANGA
140612;MARIATANA
140613;RICARDO PALMA
140614;SAN ANDRES DE TUPICOCHA
140615;SAN ANTONIO
140616;SAN BARTOLOME
140617;SAN DAMIAN
140618;SANGALLAYA
140619;SAN JUAN DE TANTARANCHE
140620;SAN LORENZO DE QUINTI
140621;SAN MATEO
140622;SAN MATEO DE OTAO
140623;SAN PEDRO DE HUANCAYRE
140624;SANTA CRUZ DE COCACHACRA
140625;SANTA EULALIA
140626;SANTIAGO DE ANCHUCAYA
140627;SANTIAGO DE TUNA
140628;SANTO DOMINGO DE LOS OLLEROS
140629;SURCO
140630;HUACHUPAMPA
140631;LARAOS
140632;SAN JUAN DE IRIS
140701;YAUYOS
140702;ALIS
140703;AYAUCA
140704;AYAVIRI
140705;AZANGARO
140706;CACRA
140707;CARANIA
140708;COCHAS
140709;COLONIA
140710;CHOCOS
140711;HUAMPARA
140712;HUANCAYA
140713;HUANGASCAR
140714;HUANTAN
140715;HUANEC
140716;LARAOS
140717;LINCHA
140718;MIRAFLORES
140719;OMAS
140720;QUINCHES
140721;QUINOCAY
140722;SAN JOAQUIN
140723;SAN PEDRO DE PILAS
140724;TANTA
140725;TAURIPAMPA
140726;TUPE
140727;TOMAS
140728;VINAC
140729;VITIS
140730;HONGOS
140731;MADEAN
140732;PUTINZA
140733;CATAHUASI
140801;HUARAL
140802;ATAVILLOS ALTO
140803;ATAVILLOS BAJO
140804;AUCALLAMA
140805;CHANCAY
140806;IHUARI
140807;LAMPIAN
140808;PACARAOS
140809;SAN MIGUEL DE ACOS
140810;VEINTISIETE DE NOVIEMBRE
140811;STA CRUZ DE ANDAMARCA
140812;SUMBILCA
140901;BARRANCA
140902;PARAMONGA
140903;PATIVILCA
140904;SUPE
140905;SUPE PUERTO
141001;OYON
141002;NAVAN
141003;CAUJUL
141004;ANDAJES
141005;PACHANGARA
141006;COCHAMARCA
150101;IQUITOS
150102;ALTO NANAY
150103;FERNANDO LORES
150104;LAS AMAZONAS
150105;MAZAN
150106;NAPO
150107;PUTUMAYO
150108;TORRES CAUSANA
150110;INDIANA
150111;PUNCHANA
150112;BELEN
150113;SAN JUAN BAUTISTA
150114;TNTE MANUEL CLAVERO
150201;YURIMAGUAS
150202;BALSAPUERTO
150205;JEBEROS
150206;LAGUNAS
150210;SANTA CRUZ
150211;TNTE CESAR LOPEZ ROJAS
150301;NAUTA
150302;PARINARI
150303;TIGRE
150304;URARINAS
150305;TROMPETEROS
150401;REQUENA
150402;ALTO TAPICHE
150403;CAPELO
150404;EMILIO SAN MARTIN
150405;MAQUIA
150406;PUINAHUA
150407;SAQUENA
150408;SOPLIN
150409;TAPICHE
150410;JENARO HERRERA
150411;YAQUERANA
150501;CONTAMANA
150502;VARGAS GUERRA
150503;PADRE MARQUEZ
150504;PAMPA HERMOZA
150505;SARAYACU
150506;INAHUAYA
150601;MARISCAL RAMON CASTILLA
150602;PEBAS
150603;YAVARI
150604;SAN PABLO
150701;BARRANCA
150702;ANDOAS
150703;CAHUAPANAS
150704;MANSERICHE
150705;MORONA
150706;PASTAZA
160101;TAMBOPATA
160102;INAMBARI
160103;LAS PIEDRAS
160104;LABERINTO
160201;MANU
160202;FITZCARRALD
160203;MADRE DE DIOS
160204;HUEPETUHE
160301;INAPARI
160302;IBERIA
160303;TAHUAMANU
170101;MOQUEGUA
170102;CARUMAS
170103;CUCHUMBAYA
170104;SAN CRISTOBAL
170105;TORATA
170106;SAMEGUA
170201;OMATE
170202;COALAQUE
170203;CHOJATA
170204;ICHUNA
170205;LA CAPILLA
170206;LLOQUE
170207;MATALAQUE
170208;PUQUINA
170209;QUINISTAQUILLAS
170210;UBINAS
170211;YUNGA
170301;ILO
170302;EL ALGARROBAL
170303;PACOCHA
180101;CHAUPIMARCA
180103;HUACHON
180104;HUARIACA
180105;HUAYLLAY
180106;NINACACA
180107;PALLANCHACRA
180108;PAUCARTAMBO
180109;SAN FCO DE ASIS DE YARUSYACAN
180110;SIMON BOLIVAR
180111;TICLACAYAN
180112;TINYAHUARCO
180113;VICCO
180114;YANACANCHA
180201;YANAHUANCA
180202;CHACAYAN
180203;GOYLLARISQUIZGA
180204;PAUCAR
180205;SAN PEDRO DE PILLAO
180206;SANTA ANA DE TUSI
180207;TAPUC
180208;VILCABAMBA
180301;OXAPAMPA
180302;CHONTABAMBA
180303;HUANCABAMBA
180304;PUERTO BERMUDEZ
180305;VILLA RICA
180306;POZUZO
180307;PALCAZU
190101;PIURA
190103;CASTILLA
190104;CATACAOS
190105;LA ARENA
190106;LA UNION
190107;LAS LOMAS
190109;TAMBO GRANDE
190113;CURA MORI
190114;EL TALLAN
190201;AYABACA
190202;FRIAS
190203;LAGUNAS
190204;MONTERO
190205;PACAIPAMPA
190206;SAPILLICA
190207;SICCHEZ
190208;SUYO
190209;JILILI
190210;PAIMAS
190301;HUANCABAMBA
190302;CANCHAQUE
190303;HUARMACA
190304;SONDOR
190305;SONDORILLO
190306;EL CARMEN DE LA FRONTERA
190307;SAN MIGUEL DE EL FAIQUE
190308;LALAQUIZ
190401;CHULUCANAS
190402;BUENOS AIRES
190403;CHALACO
190404;MORROPON
190405;SALITRAL
190406;SANTA CATALINA DE MOSSA
190407;SANTO DOMINGO
190408;LA MATANZA
190409;YAMANGO
190410;SAN JUAN DE BIGOTE
190501;PAITA
190502;AMOTAPE
190503;ARENAL
190504;LA HUACA
190505;PUEBLO NUEVO DE COLAN
190506;TAMARINDO
190507;VICHAYAL
190601;SULLANA
190602;BELLAVISTA
190603;LANCONES
190604;MARCAVELICA
190605;MIGUEL CHECA
190606;QUERECOTILLO
190607;SALITRAL
190608;IGNACIO ESCUDERO
190701;PARINAS
190702;EL ALTO
190703;LA BREA
190704;LOBITOS
190705;MANCORA
190706;LOS ORGANOS
190801;SECHURA
190802;VICE
190803;BERNAL
190804;BELLAVISTA DE LA UNION
190805;CRISTO NOS VALGA
190806;RINCONADA LLICUAR
200101;PUNO
200102;ACORA
200103;ATUNCOLLA
200104;CAPACHICA
200105;COATA
200106;CHUCUITO
200107;HUATA
200108;MANAZO
200109;PAUCARCOLLA
200110;PICHACANI
200111;SAN ANTONIO
200112;TIQUILLACA
200113;VILQUE
200114;PLATERIA
200115;AMANTANI
200201;AZANGARO
200202;ACHAYA
200203;ARAPA
200204;ASILLO
200205;CAMINACA
200206;CHUPA
200207;JOSE DOMINGO CHOQUEHUANCA
200208;MUNANI
200210;POTONI
200212;SAMAN
200213;SAN ANTON
200214;SAN JOSE
200215;SAN JUAN DE SALINAS
200216;STGO DE PUPUJA
200217;TIRAPATA
200301;MACUSANI
200302;AJOYANI
200303;AYAPATA
200304;COASA
200305;CORANI
200306;CRUCERO
200307;ITUATA
200308;OLLACHEA
200309;SAN GABAN
200310;USICAYOS
200401;JULI
200402;DESAGUADERO
200403;HUACULLANI
200406;PISACOMA
200407;POMATA
200410;ZEPITA
200412;KELLUYO
200501;HUANCANE
200502;COJATA
200504;INCHUPALLA
200506;PUSI
200507;ROSASPATA
200508;TARACO
200509;VILQUE CHICO
200511;HUATASANI
200601;LAMPA
200602;CABANILLA
200603;CALAPUJA
200604;NICASIO
200605;OCUVIRI
200606;PALCA
200607;PARATIA
200608;PUCARA
200609;SANTA LUCIA
200610;VILAVILA
200701;AYAVIRI
200702;ANTAUTA
200703;CUPI
200704;LLALLI
200705;MACARI
200706;NUNOA
200707;ORURILLO
200708;SANTA ROSA
200709;UMACHIRI
200801;SANDIA
200803;CUYOCUYO
200804;LIMBANI
200805;PHARA
200806;PATAMBUCO
200807;QUIACA
200808;SAN JUAN DEL ORO
200810;YANAHUAYA
200811;ALTO INAMBARI
200812;SAN PEDRO DE PUTINA PUNCO
200901;JULIACA
200902;CABANA
200903;CABANILLAS
200904;CARACOTO
201001;YUNGUYO
201002;UNICACHI
201003;ANAPIA
201004;COPANI
201005;CUTURAPI
201006;OLLARAYA
201007;TINICACHI
201101;PUTINA
201102;PEDRO VILCA APAZA
201103;QUILCA PUNCU
201104;ANANEA
201105;SINA
201201;ILAVE
201202;PILCUYO
201203;SANTA ROSA
201204;CAPASO
201205;CONDURIRI
201301;MOHO
201302;CONIMA
201303;TILALI
201304;HUAYRAPATA
210101;MOYOBAMBA
210102;CALZADA
210103;HABANA
210104;JEPELACIO
210105;SORITOR
210106;YANTALO
210201;SAPOSOA
210202;PISCOYACU
210203;SACANCHE
210204;TINGO DE SAPOSOA
210205;ALTO SAPOSOA
210206;EL ESLABON
210301;LAMAS
210303;BARRANQUITA
210304;CAYNARACHI
210305;CUNUMBUQUI
210306;PINTO RECODO
210307;RUMISAPA
210311;SHANAO
210313;TABALOSOS
210314;ZAPATERO
210315;ALONSO DE ALVARADO
210316;SAN ROQUE DE CUMBAZA
210401;JUANJUI
210402;CAMPANILLA
210403;HUICUNGO
210404;PACHIZA
210405;PAJARILLO
210501;RIOJA
210502;POSIC
210503;YORONGOS
210504;YURACYACU
210505;NUEVA CAJAMARCA
210506;ELIAS SOPLIN
210507;SAN FERNANDO
210508;PARDO MIGUEL
210509;AWAJUN
210601;TARAPOTO
210602;ALBERTO LEVEAU
210604;CACATACHI
210606;CHAZUTA
210607;CHIPURANA
210608;EL PORVENIR
210609;HUIMBAYOC
210610;JUAN GUERRA
210611;MORALES
210612;PAPAPLAYA
210616;SAN ANTONIO
210619;SAUCE
210620;SHAPAJA
210621;LA BANDA DE SHILCAYO
210701;BELLAVISTA
210702;SAN RAFAEL
210703;SAN PABLO
210704;ALTO BIAVO
210705;HUALLAGA
210706;BAJO BIAVO
210801;TOCACHE
210802;NUEVO PROGRESO
210803;POLVORA
210804;SHUNTE
210805;UCHIZA
210901;PICOTA
210902;BUENOS AIRES
210903;CASPIZAPA
210904;PILLUANA
210905;PUCACACA
210906;SAN CRISTOBAL
210907;SAN HILARION
210908;TINGO DE PONASA
210909;TRES UNIDOS
210910;SHAMBOYACU
211001;SAN JOSE DE SISA
211002;AGUA BLANCA
211003;SHATOJA
211004;SAN MARTIN
211005;SANTA ROSA
220101;TACNA
220102;CALANA
220104;INCLAN
220107;PACHIA
220108;PALCA
220109;POCOLLAY
220110;SAMA
220111;ALTO DE LA ALIANZA
220112;CIUDAD NUEVA
220113;CORONEL GREGORIO ALBARRACIN L.ALFONSO UGARTE
220201;TARATA
220205;CHUCATAMANI
220206;ESTIQUE
220207;ESTIQUE PAMPA
220210;SITAJARA
220211;SUSAPAYA
220212;TARUCACHI
220213;TICACO
220301;LOCUMBA
220302;ITE
220303;ILABAYA
220401;CANDARAVE
220402;CAIRANI
220403;CURIBAYA
220404;HUANUARA
220405;QUILAHUANI
220406;CAMILACA
230101;TUMBES
230102;CORRALES
230103;LA CRUZ
230104;PAMPAS DE HOSPITAL
230105;SAN JACINTO
230106;SAN JUAN DE LA VIRGEN
230201;ZORRITOS
230202;CASITAS
230203;CANOAS DE PUNTA SAL
230301;ZARUMILLA
230302;MATAPALO
230303;PAPAYAL
230304;AGUAS VERDES
240101;CALLAO
240102;BELLAVISTA
240103;LA PUNTA
240104;CARMEN DE LA LEGUA-REYNOSO
240105;LA PERLA
240106;VENTANILLA
250101;CALLERIA
250102;YARINACOCHA
250103;MASISEA
250104;CAMPOVERDE
250105;IPARIA
250106;NUEVA REQUENA
250107;MANANTAY
250201;PADRE ABAD
250202;YRAZOLA
250203;CURIMANA
250301;RAIMONDI
250302;TAHUANIA
250303;YURUA
250304;SEPAHUA
250401;PURUS
